from_node_id,to_node_id,relation_type,strength,notes
MATH_001,MATH_047,required,3,Multiplicacao e divisao entram melhor depois da seguranca em soma e subtracao.
MATH_001,MATH_002,recommended,1,Divisibilidade melhora com base aritmetica inicial.
MATH_047,MATH_002,required,2,Divisibilidade usa multiplicacao e divisao com seguranca.
MATH_047,MATH_003,required,2,Potencias e raizes exigem seguranca em multiplicacao e divisao.
MATH_001,MATH_004,required,2,Leitura numerica e sistema metrico pedem base aritmetica.
MATH_001,MATH_011,required,2,Equacao do primeiro grau precisa de contas basicas seguras.
MATH_047,MATH_005,recommended,2,Produtos notaveis e fatoracao ficam menos travados com multiplicacao segura.
MATH_002,MATH_005,required,3,Multiplos e divisores sustentam fatoracao.
MATH_047,MATH_006,required,2,Comparacao entre grandezas depende de multiplicacao e divisao.
MATH_006,MATH_045,required,3,Proporcao entra melhor depois da nocao de razao.
MATH_004,MATH_045,recommended,1,Leitura de grandezas ajuda a montar proporcoes.
MATH_045,MATH_007,required,2,Divisao proporcional depende da estrutura de proporcao.
MATH_004,MATH_008,required,2,Escalas dependem de leitura metrica e unidades.
MATH_045,MATH_008,required,3,Escalas sao aplicacao direta de proporcao.
MATH_045,MATH_009,required,3,Porcentagem e aplicacao proporcional.
MATH_007,MATH_010,recommended,1,Divisao proporcional reforca pensamento proporcional.
MATH_008,MATH_010,recommended,2,Escalas ajudam leitura de problemas de regra de tres.
MATH_009,MATH_010,required,3,Regra de tres costuma caminhar junto de porcentagem.
MATH_005,MATH_012,recommended,2,Produtos notaveis ajudam a leitura da quadratica.
MATH_011,MATH_012,required,3,Equacao do segundo grau depende da linguagem algebrica do primeiro grau.
MATH_011,MATH_014,required,2,Progressoes pedem linguagem algebrica e sequencial.
MATH_015,MATH_048,required,2,Poligonos se apoiam nos fundamentos geometricos iniciais.
MATH_015,MATH_016,required,3,Triangulos dependem dos fundamentos de geometria plana.
MATH_015,MATH_017,required,2,Circunferencia e circulo dependem da base geometrica inicial.
MATH_015,MATH_018,required,2,Quadrilateros dependem dos fundamentos de geometria plana.
MATH_016,MATH_019,required,3,Teorema de Tales depende de triangulos.
MATH_019,MATH_049,required,2,Semelhanca entra melhor depois do Tales.
MATH_045,MATH_019,recommended,2,Tales conversa fortemente com proporcionalidade.
MATH_049,MATH_026,recommended,1,Semelhanca ajuda no raciocinio de solidos semelhantes.
MATH_015,MATH_020,required,2,Geometria espacial depende da base plana inicial.
MATH_020,MATH_021,required,2,Prismas e cubos aprofundam a entrada em solidos espaciais.
MATH_020,MATH_022,required,2,Cilindro entra melhor depois da base espacial.
MATH_020,MATH_023,required,2,Piramide depende da leitura espacial inicial.
MATH_020,MATH_024,required,2,Cone depende da leitura espacial inicial.
MATH_020,MATH_025,required,2,Esfera entra melhor depois da base espacial.
MATH_020,MATH_026,required,3,Troncos e semelhanca espacial dependem da base dos solidos.
MATH_021,MATH_026,recommended,1,Prismas ajudam comparacao entre solidos e cortes.
MATH_021,MATH_057,recommended,2,Prismas e cubos ajudam a consolidar medidas espaciais iniciais.
MATH_022,MATH_057,required,2,Cilindro entra na mesma camada aplicada de medidas.
MATH_023,MATH_058,recommended,2,Piramide prepara a camada mais exigente de medidas espaciais.
MATH_024,MATH_058,required,2,Cone entra na camada mais exigente de medidas espaciais.
MATH_025,MATH_058,required,2,Esfera compoe a camada aplicada mais avancada.
MATH_026,MATH_058,recommended,1,Semelhanca espacial ajuda problemas mais completos de medidas.
MATH_027,MATH_050,required,2,Dispersao entra melhor depois das medidas centrais.
MATH_027,MATH_028,recommended,2,Interpretacao de graficos fica mais rica com base estatistica.
MATH_028,MATH_050,recommended,1,Leitura grafica ajuda interpretar variacao e dispersao.
MATH_029,MATH_051,required,3,Arranjos e combinacoes dependem do principio fundamental da contagem.
MATH_029,MATH_030,required,2,Probabilidade basica depende de contagem.
MATH_051,MATH_030,recommended,2,Combinatoria mais estruturada ajuda problemas de probabilidade.
MATH_030,MATH_052,required,2,Probabilidade composta entra melhor depois da basica.
MATH_051,MATH_052,recommended,2,Combinatoria ajuda eventos compostos e condicionais.
MATH_027,MATH_030,recommended,1,Leitura estatistica ajuda interpretacao de eventos e frequencias.
MATH_011,MATH_031,required,3,Funcao afim depende da linguagem de equacao linear.
MATH_013,MATH_031,recommended,1,Conjuntos ajudam dominio e imagem de funcao.
MATH_031,MATH_053,required,2,Taxa de variacao refina a leitura inicial de funcao afim.
MATH_053,MATH_054,required,2,Grafico da reta entra melhor depois da leitura de taxa e coeficientes.
MATH_011,MATH_032,required,2,Funcao quadratica depende de algebra de equacoes.
MATH_012,MATH_032,required,3,Quadratica e base direta para a funcao quadratica.
MATH_031,MATH_032,recommended,2,A linguagem geral de funcao ajuda a parabolica.
MATH_032,MATH_055,required,2,Raizes e fatoracao refinam a funcao quadratica.
MATH_032,MATH_056,required,2,Vertice e concavidade refinam a leitura grafica da quadratica.
MATH_055,MATH_056,recommended,1,Compreender raizes ajuda a interpretar a parabola completa.
MATH_031,MATH_033,required,2,Funcao exponencial entra melhor depois da nocao geral de funcao.
MATH_033,MATH_034,required,3,Logaritmo depende da intuicao exponencial.
MATH_009,MATH_035,required,3,Matematica financeira depende de porcentagem.
MATH_011,MATH_035,required,2,Modelos financeiros simples usam algebra linear basica.
MATH_035,MATH_046,required,3,Juros compostos entram melhor depois da base financeira inicial.
MATH_016,MATH_037,required,3,Razoes trigonometricas nascem dos triangulos.
MATH_017,MATH_036,recommended,1,Circunferencia plana ajuda o ciclo trigonometrico.
MATH_036,MATH_059,required,2,Reducao ao ciclo depende do entendimento inicial do ciclo trigonometrico.
MATH_059,MATH_060,required,2,Graficos trigonometricos entram melhor depois da leitura de sinais e angulos no ciclo.
MATH_037,MATH_060,recommended,2,Razoes trigonometricas ajudam leitura dos graficos.
MATH_060,MATH_039,required,2,Funcoes trigonometricas ficam mais claras depois dos graficos basicos.
MATH_059,MATH_038,required,2,Equacoes trigonometricas dependem de leitura segura do ciclo.
MATH_039,MATH_038,recommended,1,Leitura funcional ajuda a resolver equacoes trigonometricas.
MATH_011,MATH_040,recommended,1,Matrizes pedem alguma maturidade algebrica.
MATH_011,MATH_041,required,3,Sistemas lineares dependem de equacao linear.
MATH_040,MATH_041,recommended,2,Matrizes ajudam representacao de sistemas.
MATH_011,MATH_042,required,2,Geometria analitica usa coordenadas e algebra linear simples.
MATH_015,MATH_042,recommended,1,Base geometrica ajuda a leitura no plano cartesiano.
MATH_042,MATH_043,required,3,Reta depende dos fundamentos da geometria analitica.
MATH_043,MATH_044,required,2,Circunferencia analitica entra melhor depois da reta.
MATH_017,MATH_044,recommended,1,Circunferencia plana reforca a intuicao analitica da circunferencia.
MATH_031,MATH_039,recommended,1,Leitura de funcao afim ajuda grafico e linguagem funcional da trigonometria.
PHY_001,PHY_002,recommended,2,Analise dimensional melhora a leitura das grandezas iniciais da cinematica.
PHY_002,PHY_003,required,2,Movimento uniforme depende da base conceitual de cinematica.
PHY_003,PHY_004,required,2,MUV aprofunda a leitura quantitativa do movimento.
PHY_003,PHY_006,recommended,1,MCU entra melhor depois da leitura basica de velocidade e periodo.
PHY_005,PHY_008,required,2,Lancamento horizontal depende de leitura vetorial basica.
PHY_005,PHY_009,required,3,Lancamento obliquo depende de vetores.
PHY_004,PHY_007,required,2,Movimentos verticais sao aplicacao direta do MUV.
PHY_007,PHY_008,recommended,1,Lancamento horizontal entra melhor depois da intuicao de queda livre e movimento vertical.
PHY_004,PHY_008,recommended,1,Lancamento horizontal usa intuicao de aceleracao vertical.
PHY_008,PHY_009,recommended,2,Lancamento obliquo entra melhor depois da leitura do lancamento horizontal.
PHY_006,PHY_014,required,2,Forca centripeta conversa diretamente com MCU.
PHY_010,PHY_011,recommended,1,Roldanas entram melhor depois da base de Newton.
PHY_010,PHY_012,recommended,1,Forca elastica entra melhor depois da leitura de forcas e resultante.
PHY_010,PHY_013,required,2,Sistema de blocos depende das leis de Newton.
PHY_010,PHY_015,required,2,Atrito e aplicacao direta da dinamica.
PHY_010,PHY_016,required,2,Plano inclinado depende da base de dinamica.
PHY_005,PHY_016,required,2,Plano inclinado pede decomposicao vetorial.
PHY_014,PHY_016,recommended,1,Leitura de componente centripeta reforca decomposicao e resultante.
PHY_010,PHY_017,recommended,1,Quantidade de movimento entra melhor com base de dinamica.
PHY_010,PHY_018,required,2,Trabalho e energia cinetica dependem de leitura de forcas e movimento.
PHY_017,PHY_018,recommended,1,Impulso e momento ajudam a leitura energetica da mecanica.
PHY_018,PHY_066,required,2,Conservacao da energia mecanica entra melhor depois do teorema trabalho-energia.
PHY_012,PHY_066,recommended,1,Energia potencial elastica reforca a leitura de conservacao da energia mecanica.
PHY_019,PHY_020,required,2,Kepler entra melhor depois da lei gravitacional.
PHY_010,PHY_021,recommended,1,Estatica entra melhor depois da leitura de resultante e equilibrio de forcas.
PHY_021,PHY_022,required,2,Corpo extenso aprofunda a estatica alem do ponto material.
PHY_023,PHY_024,recommended,2,Pressao entra melhor depois da leitura de densidade e grandezas.
PHY_023,PHY_025,required,2,Empuxo depende de densidade.
PHY_024,PHY_025,required,2,Empuxo e flutuacao dependem de pressao em fluidos.
PHY_024,PHY_026,required,2,Pascal aplica transmissao de pressao em fluidos.
PHY_024,PHY_027,recommended,1,Vazao e continuidade aproveitam leitura previa de pressao.
PHY_027,PHY_067,required,2,Hidrodinamica aplicada depende da base de vazao e continuidade.
PHY_028,PHY_029,recommended,1,Escalas ajudam a entrada conceitual em termologia.
PHY_029,PHY_030,required,2,Calorimetria depende dos fundamentos da termologia.
PHY_029,PHY_031,required,2,Dilatacao depende da leitura de variacao termica.
PHY_029,PHY_032,recommended,1,Transferencia de calor entra melhor com a base conceitual de calor e temperatura.
PHY_029,PHY_033,required,2,Gases dependem da base de termologia.
PHY_030,PHY_034,recommended,1,Calorimetria ajuda a leitura energetica da termodinamica.
PHY_033,PHY_034,required,2,Termodinamica depende da leitura de gases e estados.
PHY_035,PHY_036,required,2,Fenomenos ondulatorios dependem da base geral de ondas.
PHY_035,PHY_037,recommended,1,Propriedades do som entram melhor com a base de ondas.
PHY_035,PHY_038,required,2,Cordas e tubos sonoros dependem da leitura estrutural das ondas.
PHY_036,PHY_039,recommended,1,Fenomenos gerais das ondas ajudam a leitura do som.
PHY_037,PHY_039,recommended,1,Propriedades do som reforcam fenomenos sonoros.
PHY_035,PHY_040,recommended,1,MHS entra melhor depois da intuicao de periodicidade.
PHY_041,PHY_042,required,2,Espelhos planos dependem da base de optica.
PHY_041,PHY_043,recommended,1,Espelhos esfericos entram melhor depois da base de optica.
PHY_042,PHY_043,recommended,1,Espelhos esfericos entram mais suaves depois da leitura de formacao de imagem em espelhos planos.
PHY_041,PHY_044,required,2,Refracao depende da base de optica.
PHY_043,PHY_045,recommended,1,Lentes delgadas entram melhor depois da leitura de formacao de imagens.
PHY_044,PHY_045,required,2,Lentes dependem de refracao.
PHY_045,PHY_068,required,2,Fisica da visao depende da base de lentes delgadas.
PHY_046,PHY_047,required,2,Coulomb entra melhor depois da base de eletrizacao.
PHY_047,PHY_048,required,2,Campo eletrico depende da interacao entre cargas.
PHY_047,PHY_049,recommended,1,Potencial eletrico entra melhor depois da leitura quantitativa de interacoes eletrostaticas.
PHY_048,PHY_049,required,2,Potencial eletrico depende da leitura de campo e energia.
PHY_049,PHY_050,recommended,1,Condutor eletrizado entra melhor depois de potencial e distribuicao de cargas.
PHY_050,PHY_051,recommended,1,Capacitores entram melhor depois da intuicao de condutores e distribuicao de cargas.
PHY_049,PHY_051,recommended,1,Capacitores aproveitam a base de diferenca de potencial.
PHY_049,PHY_052,required,2,Trabalho e energia eletrica dependem da leitura de potencial.
PHY_053,PHY_054,required,2,Leis de Ohm dependem da base de corrente.
PHY_054,PHY_055,required,2,Associacao de resistores depende da leitura de resistencia e ddp.
PHY_053,PHY_056,required,2,Potencia e energia eletrica dependem da base de corrente e tempo.
PHY_054,PHY_056,recommended,1,Potencia eletrica entra melhor depois de Ohm.
PHY_053,PHY_057,recommended,1,Circuitos entram melhor depois da leitura inicial de corrente eletrica.
PHY_055,PHY_057,recommended,2,Circuitos integram associacoes de resistores.
PHY_054,PHY_057,required,2,Circuitos dependem de relacoes eletricas basicas.
PHY_057,PHY_058,recommended,1,Geradores entram melhor depois da base de circuitos.
PHY_057,PHY_059,recommended,1,Instrumentos se apoiam na leitura de circuitos.
PHY_060,PHY_061,required,2,Fontes do campo magnetico dependem da base magnetica.
PHY_061,PHY_062,required,2,Forca magnetica depende da leitura de campo magnetico.
PHY_054,PHY_062,recommended,1,Leitura de corrente ajuda forca magnetica em condutores.
PHY_061,PHY_063,required,2,Fluxo magnetico e inducao dependem de compreender campo magnetico e variacao.
PHY_058,PHY_063,recommended,1,Geradores reforcam a intuicao de inducao eletromagnetica no uso de fem.
PHY_063,PHY_069,required,2,Lei de Faraday-Lenz aprofunda a leitura operacional da inducao.
PHY_064,PHY_065,recommended,1,Relatividade fecha a trilha moderna depois do primeiro contato com fisica moderna.
CHEM_001,CHEM_002,required,3,Calculo estequiometrico depende das grandezas quimicas.
CHEM_003,CHEM_004,required,3,Diluicao depende da leitura de concentracao.
CHEM_006,CHEM_007,recommended,2,Balanceamento entra melhor depois da leitura segura de nox.
CHEM_006,CHEM_008,recommended,2,Oxidacao e reducao dependem de nox.
CHEM_007,CHEM_008,recommended,1,Balanceamento reforca o entendimento quantitativo das reacoes redox.
CHEM_009,CHEM_010,required,2,Materia e misturas entram melhor depois da entrada conceitual da disciplina.
CHEM_011,CHEM_012,required,2,Modelo atual entra melhor depois da evolucao historica dos modelos atomicos.
CHEM_012,CHEM_013,required,2,Tabela periodica depende da estrutura atomica.
CHEM_013,CHEM_014,required,2,Ligacoes quimicas dependem da leitura periodica dos elementos.
CHEM_014,CHEM_015,recommended,1,Forcas intermoleculares entram melhor depois da base de ligacoes.
CHEM_014,CHEM_016,required,2,Geometria molecular depende da base de ligacoes.
CHEM_016,CHEM_051,required,2,Hibridacao e polaridade entram melhor depois da geometria molecular.
CHEM_014,CHEM_017,recommended,1,Funcoes inorganicas entram mais suaves depois da base estrutural.
CHEM_017,CHEM_055,required,2,Estudo dos acidos depende da base conceitual de acido e base.
CHEM_055,CHEM_018,required,2,Bases e sais complementam a base de acidos.
CHEM_017,CHEM_019,recommended,1,Oxidos entram melhor depois das funcoes inorganicas iniciais.
CHEM_018,CHEM_020,recommended,1,Reacoes inorganicas entram melhor depois da base de funcoes.
CHEM_019,CHEM_020,recommended,1,Reacoes inorganicas aproveitam a leitura de oxidos.
CHEM_001,CHEM_021,recommended,1,Grandezas quimicas ajudam o calculo de formulas.
CHEM_021,CHEM_002,required,2,Fatores de calculo estequiometrico entram melhor depois do calculo de formulas.
CHEM_010,CHEM_022,recommended,1,Solucoes entram melhor depois da leitura de materia e misturas.
CHEM_022,CHEM_003,required,2,Unidades de concentracao entram melhor depois da base de solucoes e dispersoes.
CHEM_003,CHEM_023,required,2,Misturas de solucoes dependem da leitura de concentracao.
CHEM_004,CHEM_023,recommended,1,Misturas de solucoes conversam com diluicao.
CHEM_020,CHEM_024,recommended,1,Leitura de reacoes ajuda a entrada na termoquimica.
CHEM_024,CHEM_025,required,2,Entalpia depende da leitura energetica das reacoes.
CHEM_025,CHEM_026,recommended,1,Gibbs e entropia entram melhor depois da base de entalpia.
CHEM_024,CHEM_027,recommended,1,Cinetica conversa com leitura de transformacao das reacoes.
CHEM_027,CHEM_052,required,2,Fatores cineticos entram melhor depois dos fundamentos da cinetica.
CHEM_052,CHEM_028,recommended,1,Equilibrio entra melhor depois da intuicao de fatores que alteram a velocidade.
CHEM_027,CHEM_028,recommended,1,Equilibrio entra melhor depois da intuicao dinamica de velocidade de reacao.
CHEM_028,CHEM_029,required,2,Deslocamento depende da base de constante de equilibrio.
CHEM_028,CHEM_030,recommended,1,Equilibrio ionico entra melhor depois da base geral de equilibrio.
CHEM_029,CHEM_030,recommended,1,Le Chatelier ajuda a ler meios ionicos em equilibrio.
CHEM_030,CHEM_056,required,2,pH e meio acido-base dependem da base de ionizacao e dissociacao.
CHEM_056,CHEM_031,recommended,1,Hidrolise entra melhor depois da leitura de pH e meio acido-base.
CHEM_030,CHEM_031,required,2,Hidrolise depende da base de equilibrio ionico.
CHEM_056,CHEM_032,recommended,1,Tampao e Kps entram mais suaves depois da leitura de pH e meio acido-base.
CHEM_030,CHEM_032,required,2,Tampao e Kps dependem da base de equilibrio ionico.
CHEM_006,CHEM_033,recommended,1,Pilha entra melhor depois da leitura de nox.
CHEM_008,CHEM_033,required,2,Pilha depende da intuicao de oxidacao e reducao.
CHEM_033,CHEM_057,required,2,Potencial de pilha entra melhor depois da base de pilhas e espontaneidade redox.
CHEM_033,CHEM_034,required,2,Eletrolise entra melhor depois da base de pilha e reacoes redox.
CHEM_003,CHEM_035,recommended,1,Propriedades coligativas entram melhor depois da base de solucoes.
CHEM_035,CHEM_053,required,2,Osmose e variacoes de fase entram melhor depois dos fundamentos coligativos.
CHEM_014,CHEM_036,recommended,1,Organica entra mais suave depois da base de ligacoes quimicas.
CHEM_036,CHEM_037,required,2,Funcoes organicas dependem da leitura de cadeias carbonicas.
CHEM_037,CHEM_038,recommended,1,Hidrocarbonetos entram melhor depois da base de funcoes e series.
CHEM_037,CHEM_039,required,2,Funcoes oxigenadas dependem da base de grupos funcionais.
CHEM_037,CHEM_040,required,2,Funcoes nitrogenadas dependem da base de grupos funcionais.
CHEM_037,CHEM_041,recommended,1,Outras funcoes entram melhor depois da base de grupos funcionais.
CHEM_015,CHEM_042,recommended,1,Forcas intermoleculares ajudam a leitura de propriedades organicas.
CHEM_051,CHEM_042,recommended,1,Polaridade ajuda a interpretar propriedades fisicas dos compostos organicos.
CHEM_039,CHEM_042,required,2,Propriedades fisicas em organica dependem de funcoes oxigenadas recorrentes.
CHEM_042,CHEM_054,recommended,1,Propriedades quimicas entram melhor depois da leitura fisica e estrutural dos compostos.
CHEM_037,CHEM_054,recommended,1,Reatividade organica entra melhor depois da base de grupos funcionais.
CHEM_036,CHEM_043,recommended,1,Isomeria plana entra melhor depois da base estrutural de cadeias.
CHEM_043,CHEM_044,required,2,Estereoisomeria entra melhor depois da isomeria plana.
CHEM_005,CHEM_045,recommended,2,Leis dos gases refinam o no amplo de gases.
CHEM_022,CHEM_047,recommended,1,Quimica ambiental entra melhor depois da leitura de solucoes e dispersoes.
CHEM_022,CHEM_048,recommended,1,Agua entra melhor depois da base de solucoes e misturas.
CHEM_048,CHEM_058,required,2,Tratamento da agua depende da base de propriedades e papel ambiental da agua.
CHEM_037,CHEM_049,required,2,Reacoes organicas dependem da base de funcoes organicas.
CHEM_038,CHEM_049,recommended,1,Hidrocarbonetos reforcam varias reacoes organicas classicas.
CHEM_039,CHEM_049,recommended,1,Funcoes oxigenadas reforcam a leitura de reacoes organicas.
CHEM_054,CHEM_049,required,2,Principais reacoes entram melhor depois da base de reatividade organica.
CHEM_049,CHEM_050,required,2,Polimeros e outras reacoes dependem da base de reatividade organica.
MATH_004,PHY_001,cross_required,3,Sistema metrico e leitura de unidades sustentam analise dimensional.
MATH_006,PHY_001,cross_support,1,Razao ajuda comparar grandezas fisicas.
MATH_004,PHY_002,cross_required,2,Grandezas cinematicas pedem leitura segura de unidades e medidas.
MATH_006,PHY_003,cross_required,2,Velocidade media nasce de razao entre grandezas.
MATH_031,PHY_003,cross_support,2,Funcao afim ajuda a interpretar taxa constante e graficos.
MATH_028,PHY_003,cross_support,1,Leitura de graficos ajuda a interpretar movimento uniforme.
MATH_011,PHY_004,cross_required,2,MUV usa modelagem algebrica simples.
MATH_031,PHY_004,cross_support,2,Leitura funcional ajuda a interpretar variacao no movimento.
MATH_028,PHY_004,cross_support,1,Leitura de graficos ajuda a interpretar MUV.
MATH_015,PHY_005,cross_support,1,Base geometrica ajuda direcao e leitura espacial de vetores.
MATH_016,PHY_005,cross_support,1,Triangulos ajudam decomposicao vetorial simples.
MATH_006,PHY_006,cross_required,2,MCU usa razao entre grandezas angulares e temporais.
MATH_036,PHY_006,cross_support,2,Circunferencia trigonometrica ajuda angulo e periodicidade no MCU.
MATH_028,PHY_006,cross_support,1,Leitura de graficos e periodicidade ajuda a interpretar MCU.
MATH_011,PHY_007,cross_support,1,Movimentos verticais usam leitura algebrica de equacoes simples.
MATH_037,PHY_008,cross_support,1,Lancamento horizontal se beneficia de leitura angular basica e triangulos.
MATH_037,PHY_009,cross_required,3,Lancamento obliquo depende fortemente de razoes trigonometricas.
MATH_008,PHY_009,cross_support,1,Escalas e leitura de grandezas ajudam representacao do movimento.
MATH_011,PHY_010,cross_support,1,Leis de Newton usam organizacao algebrica em forca resultante.
MATH_006,PHY_011,cross_support,1,Roldanas usam comparacao proporcional entre tensoes e deslocamentos.
MATH_045,PHY_012,cross_support,1,Forca elastica conversa com proporcionalidade entre deformacao e forca.
MATH_011,PHY_013,cross_required,2,Sistema de blocos exige manipulacao algebrica simples.
MATH_006,PHY_014,cross_support,1,Forca centripeta usa relacao entre grandezas do movimento circular.
MATH_015,PHY_016,cross_support,1,Plano inclinado depende de leitura geometrica.
MATH_016,PHY_016,cross_support,1,Triangulos ajudam decompor componentes no plano inclinado.
MATH_011,PHY_017,cross_support,1,Quantidade de movimento usa organizacao algebrica simples.
MATH_011,PHY_018,cross_support,1,Trabalho e energia cinetica usam manipulacao de expressoes simples.
MATH_011,PHY_066,cross_support,1,Conservacao da energia mecanica usa organizacao algebrica simples.
MATH_006,PHY_019,cross_support,1,Gravitacao usa comparacao entre grandezas e variacao com distancia.
MATH_006,PHY_020,cross_support,1,Kepler depende de leitura de proporcionalidade orbital.
MATH_011,PHY_021,cross_support,1,Estatica em ponto material se apoia em equacoes simples.
MATH_011,PHY_022,cross_support,1,Corpo extenso exige organizacao algoritimica de torques e equilibrio.
MATH_006,PHY_023,cross_required,3,Densidade e relacao entre grandezas.
MATH_004,PHY_023,cross_support,2,Leitura de unidades e medidas ajuda densidade.
MATH_006,PHY_024,cross_required,2,Pressao pede comparacao proporcional entre grandezas.
MATH_015,PHY_024,cross_support,1,Area e fundamentos geometricos ajudam em pressao.
MATH_006,PHY_025,cross_support,1,Empuxo e flutuacao conversam com relacoes proporcionais entre grandezas.
MATH_006,PHY_026,cross_support,1,Pascal usa transmissao proporcional de pressao.
MATH_006,PHY_027,cross_support,1,Vazao e continuidade usam comparacoes entre grandezas.
MATH_006,PHY_067,cross_support,1,Bernoulli usa comparacoes entre pressao velocidade e altura.
MATH_004,PHY_028,cross_required,3,Escalas termometricas dependem de leitura metrica e escalas.
MATH_045,PHY_030,cross_support,1,Calorimetria usa proporcoes simples em trocas de calor.
MATH_045,PHY_033,cross_support,1,Gases usam relacoes proporcionais entre variaveis.
MATH_031,PHY_034,cross_support,1,Leitura funcional ajuda interpretar graficos e transformacoes termodinamicas.
MATH_028,PHY_034,cross_support,1,Leitura de graficos ajuda a interpretar estados e transformacoes termodinamicas.
MATH_006,PHY_035,cross_support,1,Frequencia e periodo se apoiam em razao entre grandezas.
MATH_028,PHY_035,cross_support,1,Leitura de graficos ajuda a interpretar amplitude periodo e propagacao.
MATH_006,PHY_036,cross_support,1,Fenomenos ondulatorios usam relacoes entre velocidade frequencia e comprimento.
MATH_006,PHY_038,cross_support,1,Cordas e tubos sonoros usam razao e periodicidade.
MATH_006,PHY_040,cross_support,1,MHS usa relacoes entre periodo frequencia e posicao.
MATH_015,PHY_041,cross_support,1,Optica se beneficia da leitura geometrica basica.
MATH_015,PHY_042,cross_support,1,Espelhos planos usam geometria de reflexao.
MATH_015,PHY_043,cross_support,1,Espelhos esfericos se beneficiam da leitura geometrica.
MATH_037,PHY_044,cross_support,1,Refracao conversa com triangulos e leitura angular.
MATH_037,PHY_045,cross_support,1,Lentes delgadas usam leitura angular e geometrica.
MATH_015,PHY_068,cross_support,1,Fisica da visao usa leitura geometrica de trajetorias luminosas.
MATH_045,PHY_047,cross_support,1,Lei de Coulomb se beneficia de leitura proporcional entre cargas e distancia.
MATH_045,PHY_048,cross_support,1,Campo eletrico usa comparacao proporcional entre grandezas.
MATH_011,PHY_049,cross_support,1,Potencial eletrico exige manipulacao algebrica simples.
MATH_011,PHY_052,cross_support,1,Trabalho e energia eletrica usam organizacao algebrica.
MATH_011,PHY_053,cross_support,1,Corrente eletrica exige relacao entre carga e tempo.
MATH_011,PHY_054,cross_required,3,Leis de Ohm exigem manipulacao algebrica simples.
MATH_045,PHY_054,cross_support,2,Proporcao ajuda ler relacoes entre tensao corrente e resistencia.
MATH_011,PHY_055,cross_support,1,Associacao de resistores exige organizacao algoritimica.
MATH_009,PHY_056,cross_support,1,Potencia e energia eletrica conversam com porcentagem e consumo.
MATH_011,PHY_057,cross_support,1,Circuitos exigem manipulacao de relacoes simples.
MATH_011,PHY_058,cross_support,1,Geradores pedem leitura algoritimica de circuito.
MATH_011,PHY_059,cross_support,1,Instrumentos pedem leitura de medidas e relacoes simples.
MATH_006,PHY_061,cross_support,1,Magnetismo usa leitura comparativa de grandezas fisicas.
MATH_011,PHY_062,cross_support,1,Forca magnetica exige organizacao algoritimica simples.
MATH_031,PHY_063,cross_support,1,Fluxo magnetico e inducao se beneficiam de leitura de variacao funcional.
MATH_031,PHY_069,cross_support,1,Lei de Faraday-Lenz se beneficia de leitura de variacao e sinal.
CHEM_003,PHY_023,cross_support,1,Densidade em solucoes reforca a intuicao de densidade em fisica.
CHEM_005,PHY_033,cross_support,1,Leitura de gases em quimica reforca as variaveis de estado em fisica.
CHEM_005,PHY_034,cross_support,1,Transformacoes gasosas reforcam a intuicao de termodinamica.
MATH_001,CHEM_001,cross_required,2,Grandezas quimicas exigem contas basicas seguras.
MATH_004,CHEM_001,cross_support,1,Leitura de unidades ajuda grandezas quimicas.
MATH_004,CHEM_010,cross_support,1,Separacao de misturas e leitura de materiais se beneficiam de unidades e medidas.
MATH_011,CHEM_021,cross_support,1,Calculo de formulas se beneficia de organizacao algebrica simples.
MATH_045,CHEM_002,cross_required,3,Calculo estequiometrico depende de proporcao.
MATH_010,CHEM_002,cross_support,2,Regra de tres reforca conversoes estequiometricas.
MATH_045,CHEM_003,cross_required,3,Concentracao e densidade dependem de relacoes proporcionais.
MATH_004,CHEM_003,cross_support,2,Leitura de unidades ajuda concentracao e densidade.
MATH_045,CHEM_004,cross_required,3,Diluicao e aplicada com proporcao.
MATH_009,CHEM_004,cross_support,2,Porcentagem ajuda leitura de concentracao e variacao.
MATH_045,CHEM_005,cross_required,2,Gases exigem comparacao proporcional entre variaveis.
MATH_031,CHEM_005,cross_support,1,Leitura funcional pode ajudar interpretacao de variacao entre grandezas.
MATH_045,CHEM_023,cross_support,2,Misturas de solucoes usam relacoes proporcionais.
MATH_011,CHEM_025,cross_support,1,Entalpia se beneficia de organizacao algoritimica e equacoes simples.
MATH_031,CHEM_027,cross_support,1,Cinetica se beneficia de leitura de variacao e grafico.
MATH_028,CHEM_027,cross_support,1,Leitura de graficos ajuda a interpretar velocidade de reacao.
MATH_028,CHEM_052,cross_support,1,Leitura de graficos ajuda a interpretar fatores que alteram a velocidade.
MATH_011,CHEM_028,cross_support,1,Constante de equilibrio exige manipulacao estruturada de expressoes.
MATH_011,CHEM_029,cross_support,1,Deslocamento quantitativo do equilibrio se beneficia de leitura algoritimica.
MATH_011,CHEM_056,cross_support,1,pH e pOH se beneficiam de organizacao algoritimica e leitura quantitativa.
MATH_011,CHEM_006,cross_support,1,Calculo de nox se beneficia de organizacao algoritimica e sequencial.
MATH_011,CHEM_007,cross_support,1,Balanceamento por inspecao pede manipulacao estruturada de quantidades.
MATH_011,CHEM_033,cross_support,1,Pilha exige leitura organizada de relacoes e sinais.
MATH_011,CHEM_057,cross_support,1,Potencial de pilha se beneficia de organizacao quantitativa e comparacao algoritimica.
MATH_011,CHEM_034,cross_support,1,Eletrolise se beneficia de organizacao quantitativa simples.
MATH_045,CHEM_035,cross_support,1,Propriedades coligativas usam relacoes proporcionais entre quantidade de soluto e efeito.
PHY_012,CHEM_025,cross_support,1,Energia potencial e conservacao reforcam a intuicao energetica da termoquimica.
PHY_030,CHEM_025,cross_support,1,Calorimetria em fisica reforca a leitura de entalpia.
PHY_034,CHEM_026,cross_support,1,Termodinamica em fisica reforca a leitura de Gibbs e espontaneidade.
PHY_036,CHEM_053,cross_support,1,Fenomenos de membrana e propagacao ajudam a intuir osmose em contextos aplicados.
PHY_033,CHEM_045,cross_support,1,Gases em fisica reforcam as transformacoes gasosas em quimica.
PHY_064,CHEM_046,cross_support,1,Fisica moderna reforca a intuicao de radioatividade.
BIO_001,BIO_002,recommended,1,Bioquimica entra melhor depois da base geral da biologia.
BIO_002,BIO_003,required,2,Glicidios e lipidios entram melhor depois dos constituintes inorganicos.
BIO_003,BIO_004,required,2,Proteinas e enzimas complementam a base de biomoleculas.
BIO_004,BIO_005,recommended,1,Acidos nucleicos entram melhor depois da base bioquimica.
BIO_005,BIO_006,required,2,Codigo genetico depende do entendimento de DNA RNA e replicacao.
BIO_006,BIO_057,required,2,Transcricao e traducao entram melhor depois da leitura de codons e codigo genetico.
BIO_057,BIO_007,recommended,1,Engenharia genetica entra melhor depois da base de expressao genetica.
BIO_002,BIO_008,recommended,1,Citologia entra melhor depois da base bioquimica celular.
BIO_008,BIO_009,required,2,Membrana e transporte dependem da entrada citologica.
BIO_009,BIO_010,required,2,Transporte ativo complementa a base de membrana.
BIO_008,BIO_011,required,2,Organelas e microscopia dependem da entrada citologica.
BIO_011,BIO_012,recommended,1,Respiracao celular entra melhor depois da leitura de organelas.
BIO_012,BIO_061,required,2,Fermentacao entra melhor depois da base de producao de ATP e metabolismo energetico.
BIO_011,BIO_013,recommended,1,Fotossintese entra melhor depois da leitura de organelas e cloroplastos.
BIO_008,BIO_014,recommended,1,Nucleo entra melhor depois da base celular.
BIO_014,BIO_015,required,2,Ciclo celular e mitose dependem de nucleo cromossomos e genes.
BIO_015,BIO_058,required,2,Meiose entra melhor depois da base de ciclo celular e mitose.
BIO_058,BIO_016,required,2,Alteracoes cromossomicas dependem da base de meiose e variabilidade genetica.
BIO_058,BIO_017,recommended,1,Reproducao humana entra melhor depois da base de meiose.
BIO_017,BIO_018,required,2,Embriologia depende da reproducao e fecundacao.
BIO_018,BIO_019,recommended,1,Histologia entra melhor depois da base de desenvolvimento embrionario.
BIO_019,BIO_020,required,2,Tecidos especializados dependem da base histologica.
BIO_020,BIO_021,recommended,1,Nervoso e endocrino entram melhor depois do tecido nervoso.
BIO_021,BIO_046,recommended,1,Sentidos entram melhor depois da base de sistema nervoso.
BIO_020,BIO_022,recommended,1,Sistema circulatorio entra melhor depois da base histologica.
BIO_022,BIO_059,required,2,Sistema respiratorio entra melhor depois da leitura de circulacao e transporte.
BIO_022,BIO_047,recommended,1,Excretor e osmorregulacao entram melhor depois da base sistemica de manutencao.
BIO_020,BIO_023,recommended,1,Sistema digestorio entra melhor depois dos tecidos especializados.
BIO_023,BIO_060,required,2,Imunologia e saude entram melhor depois da base de manutencao e digestao.
BIO_058,BIO_024,recommended,1,Genetica mendeliana entra melhor depois da base de meiose.
BIO_024,BIO_025,required,2,Segunda lei depende da primeira base mendeliana.
BIO_025,BIO_049,required,2,Heredogramas e probabilidades entram melhor depois da segunda lei.
BIO_049,BIO_026,required,2,Grupos sanguineos e herancas especiais entram melhor depois da base de heredogramas e probabilidades.
BIO_026,BIO_027,recommended,1,Interacao genica entra melhor depois das herancas especiais.
BIO_049,BIO_028,recommended,1,Hardy-Weinberg entra melhor depois da base quantitativa de heredogramas e probabilidades.
BIO_029,BIO_030,required,2,Teorias evolutivas entram melhor depois da origem da vida.
BIO_030,BIO_031,required,2,Especiacao e evolucao humana dependem da base evolucionista.
BIO_031,BIO_032,recommended,1,Taxonomia entra mais organizada depois da base evolutiva.
BIO_032,BIO_033,recommended,1,Microbiologia entra melhor depois da organizacao dos seres vivos.
BIO_033,BIO_052,recommended,1,Protozoarios e algas entram melhor depois da entrada microbiologica.
BIO_052,BIO_053,recommended,1,Fungos entram melhor depois da base dos demais microorganismos e protistas.
BIO_033,BIO_034,required,2,Protistas fungos e doencas complementam a entrada microbiologica.
BIO_032,BIO_035,recommended,1,Botanica entra melhor depois da visao geral dos reinos.
BIO_035,BIO_036,required,2,Angiospermas e reproducao dependem da base dos grupos vegetais.
BIO_036,BIO_054,recommended,1,Frutos e sementes entram melhor depois da base reprodutiva das angiospermas.
BIO_035,BIO_037,required,2,Morfologia vegetal depende da entrada botanica.
BIO_037,BIO_055,required,2,Nutricao e conducao vegetal dependem de morfologia e histologia vegetal.
BIO_055,BIO_056,required,2,Transpiracao e fitormonios entram melhor depois da base de conducao e nutricao.
BIO_037,BIO_038,required,2,Fisiologia vegetal depende de morfologia e histologia vegetal.
BIO_032,BIO_039,recommended,1,Zoologia entra melhor depois da organizacao dos reinos.
BIO_039,BIO_040,required,2,Invertebrados complexos entram melhor depois dos grupos basicos.
BIO_040,BIO_041,required,2,Cordados iniciais entram melhor depois da progressao zoologica inicial.
BIO_041,BIO_048,required,2,Tetrapodes entram melhor depois da base dos cordados iniciais.
BIO_032,BIO_042,recommended,1,Ecologia entra mais organizada depois da classificacao da biodiversidade.
BIO_042,BIO_043,required,2,Ciclos e piramides dependem dos fundamentos de ecologia.
BIO_043,BIO_050,required,2,Relacoes ecologicas entram melhor depois da base de processos ecologicos.
BIO_050,BIO_044,required,2,Dinamica ecologica entra melhor depois da leitura das relacoes entre seres vivos.
BIO_044,BIO_051,required,2,Biomas e biociclos entram melhor depois da base de dinamica ecologica.
BIO_051,BIO_045,required,2,Ambiente e sociedade dependem da base ecologica aplicada e da leitura dos biomas.
CHEM_002,BIO_002,cross_support,1,Grandezas quimicas ajudam a leitura de constituintes celulares.
CHEM_003,BIO_002,cross_support,1,Solucoes ajudam a interpretar agua e sais no meio biologico.
CHEM_014,BIO_003,cross_support,1,Ligacoes quimicas ajudam a leitura estrutural de biomoleculas.
CHEM_004,BIO_012,cross_support,1,Processos de concentracao e meio ajudam a pensar fermentacao e respiracao em contexto.
CHEM_025,BIO_012,cross_support,1,Entalpia reforca a leitura energetica do metabolismo.
CHEM_025,BIO_013,cross_support,1,Termoquimica ajuda a leitura energetica da fotossintese.
CHEM_046,BIO_016,cross_support,1,Radioatividade ajuda a pensar mutacoes e alteracoes geneticas em contexto.
CHEM_005,BIO_059,cross_support,1,Gases reforcam a leitura de trocas respiratorias.
CHEM_003,BIO_047,cross_support,1,Solucoes ajudam a interpretar equilibrio hidrico e osmorregulacao.
CHEM_058,BIO_038,cross_support,1,Quimica da agua reforca nutricao e conducao vegetal.
CHEM_058,BIO_055,cross_support,1,Quimica da agua reforca absorcao e conducao vegetal.
CHEM_047,BIO_045,cross_support,1,Quimica ambiental reforca poluicao e impactos ecologicos.
MATH_025,BIO_025,cross_support,1,Probabilidade e contagem ajudam genealogias e leis de Mendel.
MATH_030,BIO_049,cross_support,1,Probabilidade basica ajuda heredogramas e cruzamentos.
MATH_028,BIO_028,cross_support,1,Leitura de graficos ajuda genetica de populacoes.
MATH_028,BIO_044,cross_support,1,Leitura de graficos ajuda dinamica populacional e sucessao.
MATH_030,BIO_044,cross_support,1,Probabilidade e estatistica apoiam leitura de populacoes.
MATH_028,BIO_051,cross_support,1,Leitura de mapas e distribuicoes ajuda a interpretar biomas e biociclos.
PHY_030,BIO_012,cross_support,1,Calorimetria e energia em fisica reforcam a intuicao energetica do metabolismo.
PHY_033,BIO_059,cross_support,1,Gases em fisica reforcam a leitura do sistema respiratorio.
PHY_024,BIO_047,cross_support,1,Pressao e fluidos ajudam a intuir filtracao e funcionamento excretor.
PHY_034,BIO_013,cross_support,1,Termodinamica ajuda a pensar trocas energeticas na fotossintese.
PHY_054,CHEM_057,cross_support,1,Leitura de ddp e circuitos em fisica reforca potencial de pilha em quimica.
GEO_001,GEO_002,recommended,1,Orientacao espacial entra melhor depois da base astronomica inicial.
GEO_002,GEO_003,required,2,Escala cartografica depende de localizacao e coordenadas.
GEO_003,GEO_004,required,2,Projecoes entram melhor depois da escala e representacao espacial basica.
GEO_004,GEO_005,recommended,1,Fusos e posicao geografica se apoiam na base cartografica.
GEO_003,GEO_006,recommended,1,Mapas tematicos entram melhor depois da leitura cartografica.
GEO_007,GEO_008,required,2,Elementos e fenomenos climaticos dependem dos fatores do clima.
GEO_008,GEO_009,required,2,Climas do Brasil entram melhor depois da base atmosferica.
GEO_009,GEO_025,required,2,Climogramas e tipos climaticos entram melhor depois da base climatica brasileira.
GEO_010,GEO_026,required,2,O relevo do Brasil entra melhor depois da base de estrutura terrestre.
GEO_026,GEO_011,required,2,Intemperismo e ciclo das rochas dependem da leitura do relevo e superficie terrestre.
GEO_012,GEO_013,required,2,Hidrografia do Brasil entra melhor depois da base geral da agua.
GEO_013,GEO_014,recommended,1,Biomas entram mais organizados depois da base hidrografica e natural.
GEO_014,GEO_027,required,2,Dominios morfoclimaticos entram melhor depois da base de biomas mundiais.
GEO_015,GEO_023,required,2,Estrutura etaria entra melhor depois da base de crescimento e transicao demografica.
GEO_023,GEO_016,recommended,1,Indicadores sociais entram mais organizados depois da estrutura etaria.
GEO_016,GEO_024,required,2,Migracoes entram melhor depois da base socioeconomica da populacao.
GEO_015,GEO_017,recommended,1,Urbanizacao entra melhor depois da leitura populacional.
GEO_017,GEO_018,recommended,1,Geografia agraria conversa com urbanizacao e ocupacao do espaco.
GEO_018,GEO_019,recommended,1,Industria e energia entram melhor depois do espaco agrario e uso do territorio.
GEO_019,GEO_028,recommended,1,Transportes e circulacao entram melhor depois da base economica territorial.
GEO_019,GEO_020,required,2,Globalizacao entra melhor depois da base economica e produtiva.
GEO_020,GEO_021,required,2,Geopolitica e blocos economicos dependem da base de globalizacao.
GEO_021,GEO_022,recommended,1,Leitura regional do mundo entra melhor depois da base geopolitica.
GEO_021,GEO_029,recommended,1,Regionalizacao do Brasil entra mais organizada depois da leitura geopolitica e territorial.
HGE_001,HGE_018,required,2,As civilizacoes orientais entram melhor depois da base pre-historica.
HGE_018,HGE_002,recommended,1,Grecia entra melhor depois da base da Antiguidade Oriental.
HGE_002,HGE_003,required,2,Roma entra melhor depois da base classica grega.
HGE_003,HGE_004,recommended,1,Bizancio e Islam entram mais organizados depois da crise do mundo romano.
HGE_004,HGE_005,required,2,Alta Idade Media depende da transicao do mundo antigo para o medieval.
HGE_005,HGE_006,required,2,Baixa Idade Media depende da base feudal.
HGE_006,HGE_007,required,2,Renascimento e Reformas entram melhor depois da crise medieval.
HGE_007,HGE_008,recommended,1,Expansao maritima entra melhor depois do Renascimento.
HGE_007,HGE_009,recommended,1,Absolutismo e mercantilismo entram melhor depois da transicao moderna inicial.
HGE_009,HGE_010,required,2,Iluminismo e Liberalismo entram melhor depois do Estado moderno.
HGE_010,HGE_011,required,2,Revolucoes burguesas entram melhor depois das ideias iluministas.
HGE_011,HGE_012,required,2,A Revolucao Francesa depende da trilha revolucionaria moderna.
HGE_012,HGE_019,required,2,Era Napoleonica e Congresso de Viena entram melhor depois da Revolucao Francesa.
HGE_019,HGE_013,required,2,Nacionalismos e imperialismo entram melhor depois da reordenacao europeia.
HGE_013,HGE_014,required,2,A Primeira Guerra depende do mundo imperialista.
HGE_014,HGE_020,required,2,A Revolucao Russa entra melhor depois da crise global da Primeira Guerra.
HGE_020,HGE_015,recommended,1,O entreguerras entra mais claro depois da Revolucao Russa.
HGE_014,HGE_015,required,2,Entreguerras depende da base da Primeira Guerra.
HGE_015,HGE_016,required,2,Segunda Guerra entra melhor depois das crises do entreguerras.
HGE_016,HGE_017,required,2,Guerra Fria depende da nova ordem do pos-guerra.
HBR_001,HBR_002,recommended,1,Capitanias entram melhor depois da chegada portuguesa e base indigena.
HBR_002,HBR_003,required,2,Acucar e escravidao dependem da organizacao colonial inicial.
HBR_003,HBR_004,recommended,1,Uniao Iberica e invasoes holandesas entram melhor depois da base acucareira.
HBR_004,HBR_005,required,2,Expansao territorial e mineracao dependem da consolidacao colonial.
HBR_005,HBR_018,required,2,O Periodo Pombalino entra melhor depois da expansao territorial e mineracao.
HBR_018,HBR_006,required,2,Revoltas coloniais entram melhor depois da segunda fase colonial.
HBR_006,HBR_007,required,2,Periodo Joanino e Independencia dependem da crise colonial.
HBR_007,HBR_008,required,2,Primeiro Reinado depende da ruptura com Portugal.
HBR_008,HBR_009,required,2,Regencia depende da crise do Primeiro Reinado.
HBR_009,HBR_010,required,2,A politica interna do Segundo Reinado entra melhor depois da experiencia regencial.
HBR_010,HBR_022,required,2,A economia e sociedade do Segundo Reinado entram melhor depois da base politica imperial.
HBR_022,HBR_011,required,2,A crise do Imperio depende da consolidacao e contradicoes do Segundo Reinado.
HBR_011,HBR_012,required,2,Republica Oligarquica entra melhor depois da Proclamacao da Republica.
HBR_012,HBR_013,required,2,Os conflitos rurais da Primeira Republica dependem da base republicana inicial.
HBR_013,HBR_023,required,2,As revoltas urbanas e o movimento operario entram melhor depois dos conflitos rurais e da base republicana.
HBR_013,HBR_014,required,2,A entrada na Era Vargas depende da crise da Republica Velha.
HBR_014,HBR_019,required,2,O Estado Novo entra melhor depois dos governos iniciais de Vargas.
HBR_019,HBR_015,required,2,A Republica Populista inicial depende da experiencia varguista.
HBR_015,HBR_024,required,2,Janio e Jango entram melhor depois do pos-guerra inicial com Dutra Vargas e JK.
HBR_024,HBR_020,required,2,A ditadura militar inicial depende da crise do periodo populista.
HBR_020,HBR_021,required,2,A fase final da ditadura entra melhor depois da implantacao do regime.
HBR_021,HBR_017,required,2,A Nova Republica depende do processo de abertura e redemocratizacao.
FIL_001,FIL_002,required,2,Socrates e Sofistas entram melhor depois da origem da filosofia.
FIL_002,FIL_017,required,2,Platao e Aristoteles entram melhor depois do debate socratico e sofistico.
FIL_017,FIL_003,recommended,1,Helenismo entra melhor depois da filosofia classica.
FIL_003,FIL_004,required,2,Escolastica entra melhor depois da transicao antiga-medieval.
FIL_004,FIL_005,recommended,1,O Estado moderno entra melhor depois do fechamento medieval.
FIL_005,FIL_006,required,2,O racionalismo entra melhor depois da base moderna inicial.
FIL_006,FIL_018,required,2,O empirismo entra melhor depois do debate moderno sobre conhecimento.
FIL_006,FIL_007,recommended,1,A Revolucao Cientifica conversa com a afirmacao da razao moderna.
FIL_018,FIL_019,required,2,Iluminismo e contratualismo entram melhor depois do racionalismo e empirismo.
FIL_007,FIL_019,recommended,1,O Iluminismo entra mais claro depois da Revolucao Cientifica.
FIL_019,FIL_008,required,2,Kant Hegel e Marx entram melhor depois da modernidade filosofica inicial.
FIL_008,FIL_009,recommended,1,As criticas contemporaneas entram melhor depois dos grandes sistemas filosoficos.
FIL_009,FIL_010,required,2,Fenomenologia e existencialismo entram melhor depois das crises da modernidade.
FIL_010,FIL_011,required,2,Autores contemporaneos finais entram melhor depois da trilha filosofica do seculo XX.
FIL_008,FIL_012,recommended,1,A teoria sociologica entra mais organizada depois da base da critica social moderna.
FIL_012,FIL_020,required,2,A sociologia do Brasil entra melhor depois da teoria sociologica.
FIL_012,FIL_013,required,2,Temas sociais entram melhor depois da base sociologica.
FIL_013,FIL_014,required,2,Trabalho e movimentos sociais dependem da leitura de cultura e desigualdades.
FIL_013,FIL_021,recommended,1,Educacao e socializacao entram melhor depois da base de cultura e desigualdade.
FIL_014,FIL_015,required,2,Estado e cidadania entram melhor depois da base sociopolitica.
FIL_021,FIL_015,recommended,1,A leitura de educacao ajuda a consolidar cidadania e instituicoes.
FIL_015,FIL_016,required,2,Temas contemporaneos entram melhor depois da base sociopolitica.
HGE_010,FIL_007,cross_support,1,Iluminismo historico reforca a leitura filosofica da modernidade.
HGE_012,HBR_007,cross_support,1,Revolucao Francesa e Era Napoleonica ajudam a contextualizar a independencia do Brasil.
HGE_017,GEO_021,cross_support,1,Guerra Fria reforca a leitura geopolitica da ordem mundial.
GEO_020,FIL_014,cross_support,1,Globalizacao e capitalismo reforcam trabalho e producao em sociologia.
GEO_017,FIL_015,cross_support,1,Urbanizacao e problemas urbanos reforcam cidadania e politicas publicas.
HBR_014,FIL_015,cross_support,1,Era Vargas reforca Estado cidadania e formacao social brasileira.
GEO_015,HBR_017,cross_support,1,Demografia e indicadores ajudam a leitura da Nova Republica e do Brasil recente.
